"","start","end"
"1",174,176
"2",174,176
"3",174,176
"4",251,253
"5",148,150
"6",251,253
"7",361,363
"8",380,382
"9",407,409
"10",392,394
"11",392,394
"12",371,373
"13",386,388
"14",386,388
"15",386,388
"16",407,409
"17",334,336
"18",334,336
"19",334,336
"20",334,336
"21",281,283
"22",333,335
"23",333,335
"24",374,376
"25",333,335
"26",321,323
"27",241,243
"28",271,273
"29",320,322
"30",320,322
"31",212,214
"32",319,321
"33",328,330
"34",342,344
"35",154,156
"36",315,317
"37",315,317
"38",315,317
"39",315,317
"40",272,274
"41",272,274
"42",272,274
"43",272,274
"44",272,274
"45",272,274
"46",210,212
"47",273,275
"48",211,213
"49",129,131
"50",269,271
"51",269,271
"52",269,271
"53",269,271
"54",1247,1249
"55",207,209
"56",870,872
"57",331,333
"58",331,333
"59",331,333
"60",143,145
"61",427,429
"62",430,432
"63",254,256
"64",254,256
"65",254,256
"66",254,256
"67",254,256
"68",254,256
"69",254,256
"70",254,256
"71",198,200
"72",199,201
"73",157,159
"74",198,200
"75",158,160
"76",130,132
"77",164,166
"78",145,147
"79",161,163
"80",130,132
"81",130,132
"82",670,672
"83",661,663
"84",402,404
"85",358,360
"86",287,289
"87",178,180
"88",178,180
"89",178,180
"90",178,180
"91",360,362
"92",330,332
"93",330,332
"94",330,332
"95",330,332
"96",330,332
"97",360,362
"98",331,333
"99",331,333
"100",534,536
"101",534,536
"102",534,536
"103",574,576
"104",182,184
"105",154,156
"106",154,156
"107",170,172
"108",139,141
"109",139,141
"110",139,141
"111",139,141
"112",185,187
"113",139,141
"114",519,521
"115",519,521
"116",553,555
"117",139,141
"118",142,144
"119",142,144
"120",141,143
"121",141,143
"122",141,143
"123",133,135
"124",133,135
"125",134,136
"126",134,136
"127",134,136
"128",134,136
"129",134,136
"130",134,136
"131",134,136
"132",134,136
"133",134,136
"134",134,136
"135",134,136
"136",134,136
"137",134,136
"138",134,136
"139",134,136
"140",134,136
"141",134,136
"142",134,136
"143",134,136
"144",134,136
"145",134,136
"146",134,136
"147",134,136
"148",134,136
"149",134,136
"150",134,136
"151",134,136
"152",134,136
"153",162,164
"154",162,164
"155",300,302
"156",311,313
"157",273,275
"158",310,312
"159",310,312
"160",310,312
"161",310,312
"162",310,312
"163",310,312
"164",310,312
"165",310,312
"166",310,312
"167",310,312
"168",199,201
"169",199,201
"170",199,201
"171",199,201
"172",198,200
"173",193,195
"174",126,128
"175",126,128
"176",126,128
"177",126,128
"178",161,163
"179",114,116
"180",545,547
"181",544,546
"182",535,537
"183",548,550
"184",511,513
"185",511,513
"186",857,859
"187",857,859
"188",856,858
"189",835,837
"190",835,837
"191",221,223
"192",221,223
"193",254,256
"194",236,238
"195",208,210
"196",125,127
"197",171,173
"198",171,173
"199",222,224
"200",222,224
"201",284,286
"202",290,292
"203",284,286
"204",284,286
"205",358,360
"206",236,238
"207",311,313
"208",311,313
"209",258,260
"210",263,265
"211",263,265
"212",293,295
"213",149,151
"214",125,127
"215",125,127
"216",99,101
"217",125,127
"218",125,127
"219",125,127
"220",138,140
"221",125,127
"222",125,127
"223",125,127
"224",125,127
"225",138,140
"226",138,140
"227",138,140
"228",138,140
"229",124,126
"230",143,145
"231",143,145
"232",135,137
"233",149,151
"234",147,149
"235",125,127
"236",125,127
"237",124,126
"238",124,126
"239",123,125
"240",123,125
"241",123,125
"242",124,126
"243",124,126
"244",133,135
"245",133,135
"246",133,135
"247",133,135
"248",128,130
"249",128,130
"250",128,130
"251",128,130
"252",128,130
"253",128,130
"254",128,130
"255",128,130
"256",345,347
"257",388,390
"258",345,347
"259",345,347
"260",254,256
"261",142,144
"262",219,221
"263",219,221
"264",219,221
"265",286,288
"266",109,111
"267",286,288
"268",328,330
"269",256,258
"270",288,290
"271",287,289
"272",286,288
"273",281,283
"274",429,431
"275",284,286
"276",776,778
"277",312,314
"278",312,314
"279",312,314
"280",134,136
"281",134,136
"282",134,136
"283",134,136
"284",126,128
"285",126,128
"286",126,128
"287",126,128
"288",126,128
"289",126,128
"290",126,128
"291",126,128
"292",126,128
"293",126,128
"294",162,164
"295",162,164
"296",162,164
"297",163,165
"298",178,180
"299",160,162
"300",160,162
"301",160,162
"302",160,162
"303",160,162
"304",154,156
"305",154,156
"306",154,156
"307",154,156
"308",155,157
"309",137,139
"310",137,139
"311",137,139
"312",137,139
"313",137,139
"314",137,139
"315",137,139
"316",147,149
"317",147,149
"318",147,149
"319",147,149
"320",137,139
"321",137,139
"322",509,511
"323",509,511
"324",202,204
"325",202,204
"326",513,515
"327",512,514
"328",530,532
"329",512,514
"330",475,477
"331",727,729
"332",764,766
"333",727,729
"334",764,766
"335",727,729
"336",121,123
"337",727,729
"338",770,772
"339",745,747
"340",727,729
"341",618,620
"342",764,766
"343",708,710
"344",708,710
"345",193,195
"346",193,195
"347",193,195
"348",193,195
"349",203,205
"350",203,205
"351",193,195
"352",738,740
"353",738,740
"354",285,287
"355",276,278
"356",285,287
"357",285,287
"358",237,239
"359",237,239
"360",237,239
"361",237,239
"362",237,239
"363",346,348
"364",273,275
"365",333,335
"366",313,315
"367",313,315
"368",228,230
"369",343,345
"370",228,230
"371",835,837
"372",790,792
"373",790,792
"374",440,442
"375",412,414
"376",412,414
"377",935,937
"378",784,786
"379",814,816
"380",846,848
"381",624,626
"382",747,749
"383",737,739
"384",744,746
"385",744,746
"386",744,746
"387",744,746
"388",744,746
"389",798,800
"390",776,778
"391",635,637
"392",799,801
"393",777,779
"394",799,801
"395",890,892
"396",214,216
"397",282,284
"398",282,284
"399",756,758
"400",758,760
"401",742,744
"402",303,305
"403",744,746
"404",745,747
"405",744,746
"406",739,741
"407",756,758
"408",738,740
"409",738,740
"410",813,815
"411",567,569
"412",843,845
"413",843,845
"414",212,214
"415",813,815
"416",828,830
"417",841,843
"418",841,843
"419",782,784
"420",686,688
"421",683,685
"422",583,585
"423",682,684
"424",271,273
"425",40,42
"426",681,683
"427",623,625
"428",540,542
"429",553,555
"430",611,613
"431",619,621
"432",619,621
"433",611,613
"434",532,534
"435",530,532
"436",532,534
"437",619,621
"438",619,621
"439",652,654
"440",621,623
"441",624,626
"442",533,535
"443",536,538
"444",508,510
"445",625,627
"446",510,512
"447",396,398
"448",622,624
"449",625,627
"450",625,627
"451",507,509
"452",216,218
"453",624,626
"454",535,537
"455",512,514
"456",535,537
"457",615,617
"458",503,505
"459",616,618
"460",617,619
"461",503,505
"462",615,617
"463",133,135
"464",133,135
"465",133,135
"466",133,135
"467",242,244
"468",380,382
"469",380,382
"470",380,382
"471",380,382
"472",1020,1022
"473",809,811
"474",1035,1037
"475",1035,1037
"476",1035,1037
"477",352,354
"478",388,390
"479",385,387
"480",388,390
"481",385,387
"482",333,335
"483",385,387
"484",171,173
"485",315,317
"486",310,312
"487",278,280
"488",278,280
"489",310,312
"490",309,311
"491",309,311
"492",309,311
"493",309,311
"494",309,311
"495",275,277
"496",314,316
"497",242,244
"498",160,162
"499",242,244
"500",179,181
"501",179,181
"502",379,381
"503",378,380
"504",358,360
"505",357,359
"506",358,360
"507",379,381
"508",358,360
"509",313,315
"510",313,315
"511",313,315
"512",313,315
"513",313,315
"514",313,315
"515",322,324
"516",322,324
"517",315,317
"518",320,322
"519",320,322
"520",320,322
"521",320,322
"522",134,136
"523",184,186
"524",123,125
"525",123,125
"526",1133,1135
"527",1132,1134
"528",143,145
"529",143,145
"530",141,143
"531",143,145
"532",143,145
"533",143,145
"534",143,145
"535",133,135
"536",133,135
"537",1157,1159
"538",1145,1147
"539",1113,1115
"540",338,340
"541",338,340
"542",109,111
"543",338,340
"544",364,366
"545",291,293
"546",230,232
"547",309,311
"548",309,311
"549",185,187
"550",185,187
"551",480,482
"552",628,630
"553",974,976
"554",947,949
"555",947,949
"556",947,949
"557",1104,1106
"558",2770,2772
"559",2801,2803
"560",1026,1028
"561",790,792
"562",786,788
"563",826,828
"564",826,828
"565",789,791
"566",362,364
"567",392,394
"568",369,371
"569",362,364
"570",458,460
"571",488,490
"572",424,426
"573",449,451
"574",371,373
"575",428,430
"576",428,430
"577",263,265
"578",148,150
"579",119,121
"580",1384,1386
"581",917,919
"582",641,643
"583",580,582
"584",339,341
"585",365,367
"586",344,346
"587",123,125
"588",123,125
"589",123,125
"590",123,125
"591",123,125
"592",188,190
"593",192,194
"594",95,97
"595",188,190
"596",159,161
"597",159,161
"598",159,161
"599",227,229
"600",238,240
"601",281,283
"602",245,247
"603",281,283
"604",177,179
"605",121,123
"606",121,123
"607",241,243
"608",241,243
"609",257,259
"610",1367,1369
"611",220,222
"612",239,241
"613",234,236
"614",267,269
"615",234,236
"616",267,269
"617",277,279
"618",277,279
"619",133,135
"620",513,515
"621",513,515
"622",603,605
"623",206,208
"624",771,773
"625",1184,1186
"626",1071,1073
"627",366,368
"628",574,576
"629",316,318
"630",481,483
"631",481,483
"632",518,520
"633",514,516
"634",487,489
"635",483,485
"636",518,520
"637",1461,1463
"638",1411,1413
"639",1457,1459
"640",1407,1409
"641",801,803
"642",769,771
"643",493,495
"644",769,771
"645",761,763
"646",154,156
"647",154,156
"648",154,156
"649",154,156
"650",251,253
"651",251,253
"652",251,253
"653",266,268
"654",266,268
"655",266,268
"656",135,137
"657",135,137
"658",131,133
"659",135,137
"660",134,136
"661",134,136
"662",134,136
"663",134,136
"664",134,136
"665",151,153
"666",151,153
"667",151,153
"668",113,115
"669",151,153
"670",151,153
"671",151,153
"672",151,153
"673",138,140
"674",147,149
"675",147,149
"676",147,149
"677",149,151
"678",149,151
"679",187,189
"680",187,189
"681",100,102
"682",148,150
"683",148,150
"684",151,153
"685",148,150
"686",148,150
"687",148,150
"688",148,150
"689",148,150
"690",135,137
"691",152,154
"692",135,137
"693",164,166
"694",164,166
"695",164,166
"696",164,166
"697",164,166
"698",164,166
"699",147,149
"700",147,149
"701",147,149
"702",150,152
"703",180,182
"704",180,182
"705",180,182
"706",180,182
"707",149,151
"708",149,151
"709",149,151
"710",149,151
"711",149,151
"712",149,151
"713",149,151
"714",149,151
"715",149,151
"716",149,151
"717",149,151
"718",149,151
"719",149,151
"720",149,151
"721",184,186
"722",184,186
"723",164,166
"724",164,166
"725",164,166
"726",164,166
"727",146,148
"728",146,148
"729",158,160
"730",180,182
"731",180,182
"732",180,182
"733",173,175
"734",173,175
"735",140,142
"736",140,142
"737",173,175
"738",173,175
"739",140,142
"740",140,142
"741",140,142
"742",173,175
"743",176,178
"744",199,201
"745",176,178
"746",176,178
"747",176,178
"748",199,201
"749",179,181
"750",179,181
"751",393,395
"752",633,635
"753",518,520
"754",271,273
"755",386,388
"756",691,693
"757",502,504
"758",512,514
"759",497,499
"760",174,176
"761",132,134
"762",173,175
"763",173,175
"764",173,175
"765",174,176
"766",130,132
"767",130,132
"768",721,723
"769",545,547
"770",721,723
"771",330,332
"772",1220,1222
"773",1202,1204
"774",151,153
"775",151,153
"776",151,153
"777",209,211
"778",168,170
"779",168,170
"780",203,205
"781",203,205
"782",203,205
"783",261,263
"784",261,263
"785",126,128
"786",96,98
"787",126,128
"788",126,128
"789",199,201
"790",1206,1208
"791",1157,1159
"792",227,229
"793",184,186
"794",1100,1102
"795",723,725
"796",715,717
"797",637,639
"798",637,639
"799",1583,1585
"800",1514,1516
"801",1583,1585
"802",1514,1516
"803",1583,1585
"804",1583,1585
"805",404,406
"806",404,406
"807",634,636
"808",293,295
"809",225,227
"810",148,150
"811",148,150
"812",148,150
"813",148,150
"814",154,156
"815",154,156
"816",154,156
"817",163,165
"818",154,156
"819",126,128
"820",126,128
"821",126,128
"822",126,128
"823",126,128
"824",653,655
"825",110,112
"826",653,655
"827",156,158
"828",156,158
"829",156,158
"830",156,158
"831",156,158
"832",156,158
"833",100,102
"834",156,158
"835",139,141
"836",139,141
"837",139,141
"838",125,127
"839",125,127
"840",125,127
"841",125,127
"842",125,127
"843",129,131
"844",129,131
"845",126,128
"846",126,128
"847",126,128
"848",170,172
"849",170,172
"850",204,206
"851",170,172
"852",170,172
"853",170,172
"854",170,172
"855",204,206
"856",195,197
"857",188,190
"858",170,172
"859",170,172
"860",159,161
"861",159,161
"862",126,128
"863",126,128
"864",174,176
"865",194,196
"866",194,196
"867",262,264
"868",210,212
"869",175,177
"870",175,177
"871",642,644
"872",612,614
"873",645,647
"874",648,650
"875",674,676
"876",690,692
"877",674,676
"878",690,692
"879",677,679
"880",579,581
"881",669,671
"882",669,671
"883",677,679
"884",677,679
"885",669,671
"886",669,671
"887",677,679
"888",176,178
"889",173,175
"890",144,146
"891",144,146
"892",387,389
"893",387,389
"894",387,389
"895",289,291
"896",109,111
"897",366,368
"898",109,111
"899",385,387
"900",400,402
"901",406,408
"902",421,423
"903",400,402
"904",421,423
"905",406,408
"906",385,387
"907",385,387
"908",384,386
"909",285,287
"910",438,440
"911",438,440
"912",348,350
"913",285,287
"914",438,440
"915",524,526
"916",524,526
"917",524,526
"918",524,526
"919",524,526
"920",524,526
"921",566,568
"922",566,568
"923",566,568
"924",900,902
"925",900,902
"926",900,902
"927",900,902
"928",165,167
"929",165,167
"930",816,818
"931",824,826
"932",162,164
"933",162,164
"934",162,164
"935",203,205
"936",176,178
"937",203,205
"938",148,150
"939",180,182
"940",151,153
"941",151,153
"942",151,153
"943",151,153
"944",151,153
"945",151,153
"946",146,148
"947",165,167
"948",161,163
"949",168,170
"950",360,362
"951",131,133
"952",131,133
"953",131,133
"954",131,133
"955",231,233
"956",222,224
"957",222,224
"958",231,233
"959",162,164
"960",231,233
"961",222,224
"962",222,224
"963",738,740
"964",744,746
"965",142,144
"966",780,782
"967",732,734
"968",682,684
"969",174,176
"970",203,205
"971",189,191
"972",114,116
"973",134,136
"974",102,104
"975",134,136
"976",134,136
"977",134,136
"978",134,136
"979",217,219
"980",134,136
"981",134,136
"982",134,136
"983",151,153
"984",163,165
"985",148,150
"986",139,141
"987",137,139
"988",137,139
"989",165,167
"990",157,159
"991",148,150
"992",120,122
"993",165,167
"994",165,167
"995",171,173
"996",212,214
"997",135,137
"998",172,174
"999",153,155
"1000",161,163
"1001",168,170
"1002",160,162
"1003",152,154
"1004",169,171
"1005",171,173
"1006",152,154
"1007",153,155
"1008",171,173
"1009",165,167
"1010",461,463
"1011",464,466
"1012",464,466
"1013",471,473
"1014",471,473
"1015",530,532
"1016",478,480
"1017",477,479
"1018",316,318
"1019",376,378
"1020",502,504
"1021",502,504
"1022",377,379
"1023",466,468
"1024",374,376
"1025",191,193
"1026",187,189
"1027",270,272
"1028",191,193
"1029",704,706
"1030",712,714
"1031",704,706
"1032",672,674
"1033",515,517
"1034",672,674
"1035",515,517
"1036",672,674
"1037",697,699
"1038",90,92
"1039",697,699
"1040",482,484
"1041",497,499
"1042",200,202
"1043",270,272
"1044",574,576
"1045",545,547
"1046",574,576
"1047",154,156
"1048",170,172
"1049",813,815
"1050",393,395
"1051",813,815
"1052",216,218
"1053",216,218
"1054",544,546
"1055",216,218
"1056",172,174
"1057",588,590
"1058",588,590
"1059",242,244
"1060",555,557
"1061",544,546
"1062",544,546
"1063",544,546
"1064",547,549
"1065",547,549
"1066",293,295
"1067",547,549
"1068",547,549
"1069",310,312
"1070",466,468
"1071",486,488
"1072",345,347
"1073",872,874
"1074",872,874
"1075",136,138
"1076",136,138
"1077",144,146
"1078",140,142
"1079",140,142
"1080",141,143
"1081",141,143
"1082",196,198
"1083",212,214
"1084",212,214
"1085",613,615
"1086",558,560
"1087",613,615
"1088",473,475
"1089",2077,2079
"1090",2071,2073
"1091",216,218
"1092",216,218
"1093",163,165
"1094",192,194
"1095",463,465
"1096",404,406
"1097",466,468
"1098",172,174
"1099",181,183
"1100",181,183
"1101",161,163
"1102",315,317
"1103",220,222
"1104",234,236
"1105",210,212
"1106",248,250
"1107",176,178
"1108",157,159
"1109",217,219
"1110",157,159
"1111",157,159
"1112",156,158
"1113",157,159
"1114",183,185
"1115",157,159
"1116",284,286
"1117",284,286
"1118",284,286
"1119",284,286
"1120",284,286
"1121",227,229
"1122",147,149
"1123",140,142
"1124",186,188
"1125",180,182
"1126",186,188
"1127",153,155
"1128",153,155
"1129",137,139
"1130",137,139
"1131",137,139
"1132",387,389
"1133",387,389
"1134",393,395
"1135",387,389
"1136",348,350
"1137",155,157
"1138",174,176
"1139",116,118
"1140",174,176
"1141",146,148
"1142",146,148
"1143",191,193
"1144",146,148
"1145",184,186
"1146",156,158
"1147",156,158
"1148",142,144
"1149",154,156
"1150",123,125
"1151",138,140
"1152",138,140
"1153",138,140
"1154",142,144
"1155",142,144
"1156",142,144
"1157",164,166
"1158",144,146
"1159",172,174
"1160",144,146
"1161",144,146
"1162",144,146
"1163",97,99
"1164",97,99
"1165",214,216
"1166",236,238
"1167",236,238
"1168",236,238
"1169",195,197
"1170",358,360
"1171",219,221
"1172",123,125
"1173",123,125
"1174",123,125
"1175",123,125
"1176",210,212
"1177",211,213
"1178",170,172
"1179",190,192
"1180",147,149
"1181",147,149
"1182",492,494
"1183",492,494
"1184",469,471
"1185",469,471
"1186",149,151
"1187",149,151
"1188",149,151
"1189",149,151
"1190",149,151
"1191",145,147
"1192",145,147
"1193",133,135
"1194",487,489
"1195",866,868
"1196",718,720
"1197",823,825
"1198",173,175
"1199",173,175
"1200",174,176
"1201",174,176
"1202",331,333
"1203",254,256
"1204",335,337
"1205",335,337
"1206",262,264
"1207",377,379
"1208",402,404
"1209",881,883
"1210",584,586
"1211",605,607
"1212",488,490
"1213",536,538
"1214",568,570
"1215",536,538
"1216",419,421
"1217",590,592
"1218",504,506
"1219",151,153
"1220",151,153
"1221",151,153
"1222",151,153
"1223",151,153
"1224",151,153
"1225",151,153
"1226",151,153
"1227",243,245
"1228",243,245
"1229",250,252
"1230",250,252
"1231",313,315
"1232",282,284
"1233",175,177
"1234",586,588
"1235",2913,2915
"1236",412,414
"1237",134,136
"1238",134,136
"1239",132,134
"1240",146,148
"1241",133,135
"1242",133,135
"1243",152,154
"1244",101,103
"1245",139,141
"1246",139,141
"1247",581,583
"1248",580,582
"1249",580,582
"1250",388,390
"1251",1021,1023
"1252",836,838
"1253",1021,1023
"1254",653,655
"1255",608,610
"1256",130,132
"1257",156,158
"1258",156,158
"1259",136,138
"1260",129,131
"1261",129,131
"1262",135,137
"1263",135,137
"1264",146,148
"1265",175,177
"1266",164,166
"1267",164,166
"1268",164,166
"1269",141,143
"1270",424,426
"1271",210,212
"1272",337,339
"1273",112,114
"1274",394,396
"1275",394,396
"1276",399,401
"1277",459,461
"1278",152,154
